Gold,Silver,Bronze
819,8911,9045
53,564,700
476,3998,4710
361,3543,3502
263,3239,2899
250,2469,2825
264,3782,3171
172,1765,1758
185,2306,2360
140,1629,2450
177,1123,1258
118,1147,1260
173,1859,1931
224,1529,1891
162,1195,1371
32,452,568
164,1687,1607
179,909,831
176,1540,1433
169,1056,1107
145,1294,1325
76,1127,1079
59,510,587
167,1301,1423
142,1209,1437
129,853,1224
99,619,646
78,1047,1460
91,768,1158
104,700,982
51,450,556
155,1338,1323
86,1173,1223
84,889,898
172,1209,2051
103,758,827
134,1287,1148
161,896,937
41,1020,1438
138,1043,1129
127,896,1268
59,815,836
33,367,470
189,1899,1499
107,289,326
132,1047,1113
74,1121,1354
123,973,1132
113,906,807
197,632,716
102,640,818
74,728,1105
83,1179,1308
97,692,791
123,908,1181
29,406,691
82,637,792
69,729,724
90,764,832
79,702,846
98,1051,989
81,813,1055
123,868,1188
51,477,539
97,863,997
81,610,540
77,516,433
99,912,985
194,855,974
76,598,1060
45,327,325
67,363,313
24,236,312
88,845,1053
62,463,603
110,1012,1144
133,957,1073
38,119,160
67,647,890
80,482,523
273,1273,1308
82,704,798
70,402,320
75,717,786
67,807,769
60,702,897
77,567,659
69,633,762
87,836,780
105,791,804
89,602,604
29,352,477
70,741,946
96,799,762
58,563,602
87,548,688
206,554,861
75,641,654
48,510,650
33,381,584
84,511,472
109,543,779
63,458,590
64,515,517
96,500,579
50,658,731
77,497,766
168,930,1591
155,937,845
72,619,1020
72,525,571
96,608,797
124,554,616
60,753,806
113,486,490
57,650,661
82,748,723
18,121,175
52,661,667
73,423,626
23,299,357
45,428,585
41,398,480
55,622,708
97,853,1026
70,540,645
96,627,693
15,248,492
71,712,820
111,646,829
44,487,633
56,778,734
73,897,967
65,516,568
186,748,537
57,668,595
75,465,705
22,217,343
82,390,322
66,409,405
41,556,634
68,632,626
81,664,666
66,501,553
78,778,666
83,668,597
119,583,623
79,598,646
82,467,441
70,494,435
90,594,512
70,394,481
106,202,204
67,681,660
88,365,429
66,875,1145
65,502,611
49,514,737
37,289,317
61,566,472
19,154,278
76,507,489
56,481,542
76,445,563
61,441,435
103,576,794
72,640,759
39,241,251
40,503,545
53,363,328
54,504,615
55,249,337
56,355,335
71,443,519
70,522,545
91,518,639
89,916,908
27,378,375
39,505,750
89,540,687
43,361,551
85,1084,878
77,577,623
41,289,460
19,145,201
43,333,352
205,455,666
55,540,600
84,490,673
61,593,453
42,452,532
61,214,229
49,306,341
61,298,287
45,564,608
40,377,601
61,455,575
102,633,720
155,650,723
120,318,448
41,511,720
57,584,664
64,632,728
39,422,552
50,351,496
25,247,358
63,597,737
50,276,317
50,529,485
58,453,409
49,418,478
39,393,695
42,405,675
48,508,534
28,540,897
120,343,576
34,427,560
30,336,376
35,400,713
35,447,688
48,420,564
56,667,699
20,170,295
66,430,456
36,322,430
36,446,471
45,429,377
30,545,666
84,489,487
84,755,1020
30,208,243
73,527,557
46,349,391
66,582,455
53,382,478
37,339,399
250,803,1163
72,383,404
79,402,498
51,326,367
55,358,405
28,300,317
20,345,468
94,507,568
30,305,488
26,301,492
96,490,642
40,464,466
257,561,749
65,477,480
54,401,482
309,734,1158
85,340,401
80,415,506
92,369,645
187,391,495
83,320,542
75,656,680
61,446,609
51,361,368
25,432,630
41,399,600
58,445,497
65,427,522
50,365,400
44,399,394
335,746,1059
50,335,547
38,401,529
26,291,420
54,358,398
19,361,532
25,368,442
40,496,474
237,833,1155
16,194,319
52,420,491
42,391,431
53,432,484
49,476,553
13,92,103
29,290,386
33,412,516
62,212,293
22,325,422
33,351,470
48,382,505
33,388,370
49,376,499
34,300,374
36,306,452
44,362,388
37,343,335
48,309,312
36,410,441
65,372,383
54,301,354
35,203,327
33,292,405
40,316,329
22,352,373
51,432,477
12,173,295
31,353,413
32,394,771
17,119,188
70,423,502
41,359,353
25,128,110
53,362,286
25,218,314
46,412,701
46,385,344
30,383,461
22,193,265
158,464,666
55,456,535
48,290,337
54,400,488
29,257,320
40,292,332
32,358,421
70,418,533
97,442,483
44,376,422
71,469,393
44,246,432
18,229,330
27,390,421
261,613,892
188,498,689
49,267,361
34,408,461
17,230,304
54,435,446
21,220,277
22,290,335
34,388,421
101,402,491
16,198,282
30,335,380
55,286,290
55,351,284
48,281,366
43,388,508
57,326,374
34,373,538
32,352,688
19,300,377
21,222,248
13,142,259
26,202,185
13,202,312
28,225,966
40,374,384
21,283,478
137,673,734
58,340,448
118,409,488
25,318,427
29,247,265
33,151,170
33,457,685
30,88,92
116,504,849
22,92,97
48,416,525
62,355,260
36,176,207
39,381,395
23,61,108
123,642,1395
20,182,224
35,272,340
25,297,322
44,312,345
60,382,317
35,325,404
59,351,532
20,325,300
32,286,259
49,421,550
30,260,294
24,348,422
20,146,236
38,385,348
39,207,222
29,336,373
109,376,555
13,163,270
36,270,386
28,398,378
45,260,282
33,186,261
15,267,304
26,300,416
24,229,250
35,252,368
12,307,319
49,260,230
150,405,667
57,306,296
31,367,357
97,460,700
34,400,379
48,411,788
4,36,59
19,186,236
28,388,463
45,283,291
38,326,356
23,228,297
302,701,1024
48,308,385
34,230,304
33,251,301
112,298,367
25,326,395
29,266,327
130,358,509
169,555,805
45,353,429
30,220,282
49,228,260
97,219,201
35,281,292
16,302,427
21,228,249
19,214,274
161,579,932
15,249,267
12,250,287
68,380,426
31,273,337
60,355,497
342,852,1351
28,372,337
65,205,255
28,408,403
24,100,143
37,319,360
17,150,254
45,325,488
58,311,399
17,198,266
60,274,373
38,232,364
112,391,530
9,165,286
26,225,323
28,261,341
20,259,289
25,345,381
58,393,414
17,69,166
45,299,307
40,283,355
35,384,387
22,262,280
41,434,486
34,233,258
49,521,374
31,232,283
45,392,567
36,383,312
13,113,146
43,352,360
18,186,199
22,226,311
196,540,836
31,260,294
24,235,366
29,326,407
12,148,275
13,267,433
9,149,333
53,251,308
40,208,419
51,313,356
24,202,249
71,243,309
34,250,302
24,257,293
15,68,63
40,310,424
50,253,302
49,400,833
30,257,277
34,234,356
15,199,237
36,174,193
26,313,403
27,196,185
16,127,177
17,149,198
25,376,438
10,132,190
32,421,453
15,286,379
92,498,937
34,285,359
30,204,220
56,342,392
23,270,358
39,226,303
14,329,432
45,286,311
18,230,268
43,329,442
87,379,574
27,257,360
40,265,365
30,259,318
26,326,327
21,325,309
35,285,281
15,229,297
27,162,169
33,291,457
24,189,240
37,279,278
37,262,269
38,274,230
23,317,500
33,258,312
65,271,339
25,236,392
21,357,433
20,268,456
23,310,416
53,344,495
40,217,248
143,382,495
36,176,234
218,484,721
27,231,290
24,249,298
44,266,336
31,339,316
29,278,282
34,208,226
14,206,268
23,270,259
90,298,389
38,205,325
64,187,226
41,207,291
12,177,282
24,216,209
34,236,263
26,353,447
27,165,220
25,189,193
35,213,205
21,297,374
39,368,309
17,220,295
28,279,326
13,208,236
27,286,297
46,325,501
34,224,232
28,284,337
36,316,270
43,244,224
10,50,74
17,109,211
34,222,278
6,82,100
21,236,304
161,492,749
35,423,707
32,305,290
22,266,259
14,125,151
42,360,367
10,131,220
33,286,271
22,158,227
31,243,301
89,388,489
10,83,148
75,297,348
16,175,326
27,315,241
29,255,249
41,260,264
13,210,371
167,441,600
22,291,386
24,279,356
22,143,175
30,254,293
26,88,126
64,271,291
8,114,183
11,166,231
43,74,83
62,322,539
9,29,69
25,201,198
27,189,232
22,272,284
30,210,298
58,248,308
16,198,246
41,258,284
25,226,253
54,282,354
26,235,299
39,237,299
35,244,451
28,245,305
223,557,835
69,286,412
20,233,284
27,297,366
21,224,223
29,277,318
19,164,275
43,79,92
29,251,277
53,153,199
16,160,190
12,349,390
3,39,60
9,210,367
26,108,123
35,311,302
27,212,216
23,237,324
20,202,250
23,167,309
15,198,314
56,253,298
83,327,489
30,277,313
125,437,696
15,261,325
27,237,382
89,210,259
19,196,228
4,68,121
128,432,754
38,201,253
30,269,270
20,220,279
27,264,308
26,279,299
22,144,212
41,296,280
29,269,269
12,361,669
8,72,136
26,313,261
52,211,242
9,45,77
35,218,257
17,297,381
35,360,464
13,47,63
8,87,112
74,642,690
35,205,230
16,404,353
10,108,229
10,69,110
17,52,61
64,277,337
27,195,191
38,249,338
25,266,256
28,241,233
89,400,324
21,187,334
23,262,316
30,189,240
30,271,251
9,130,184
30,162,202
36,214,235
8,171,236
30,290,279
25,260,270
24,164,233
52,293,323
16,348,476
13,46,54
25,132,189
75,153,171
21,198,273
31,308,321
94,282,412
13,122,158
31,235,268
11,150,226
10,209,335
23,118,190
25,223,251
54,311,446
32,231,284
43,257,273
30,208,255
8,179,226
23,189,171
21,221,288
83,290,340
30,249,321
10,41,61
22,246,406
46,218,300
36,299,358
51,193,212
47,196,238
16,175,247
41,251,283
75,610,656
137,281,343
41,247,314
12,151,166
16,273,401
28,195,264
10,86,97
23,176,238
35,234,345
20,148,196
33,193,185
23,200,223
28,224,331
18,226,229
12,132,187
23,138,153
42,201,246
29,183,242
1,22,24
49,223,279
40,282,279
60,302,479
49,284,389
13,117,228
172,430,674
27,53,71
32,328,303
89,279,402
43,297,386
20,218,254
25,217,317
18,136,203
45,187,213
18,178,329
79,381,445
70,238,294
72,384,428
37,85,97
14,162,252
3,18,26
29,155,237
56,315,425
30,199,217
32,212,261
9,69,143
26,147,197
44,315,397
36,211,241
12,249,270
16,45,62
23,143,120
31,198,566
14,254,355
19,146,171
31,239,313
78,320,501
35,145,155
35,313,290
21,206,258
31,206,320
13,127,214
15,226,293
18,237,283
27,238,375
24,230,275
21,265,298
25,394,396
25,236,442
10,181,275
58,507,847
1,23,29
33,200,203
22,139,114
53,285,435
12,91,98
12,96,135
26,246,271
11,157,222
19,250,241
19,177,266
18,242,228
22,162,258
26,98,111
31,284,302
25,265,318
18,133,163
20,48,80
51,194,218
10,113,193
15,181,251
30,197,258
30,236,257
30,271,411
20,172,194
53,172,208
16,126,95
26,279,199
13,210,423
48,208,262
17,193,234
28,223,225
73,366,442
47,235,328
35,191,249
35,237,197
45,212,219
22,373,444
16,120,137
26,191,218
23,316,255
17,198,292
33,182,182
24,90,111
20,175,253
33,299,308
32,168,201
26,216,245
25,258,335
24,175,256
28,212,242
28,194,329
18,202,234
19,203,237
14,133,151
94,322,431
37,188,296
17,149,276
15,162,177
29,274,276
60,232,317
66,166,181
19,209,179
20,104,118
134,373,529
31,195,197
10,92,133
60,323,285
26,66,94
22,152,132
17,199,247
20,308,247
17,184,249
25,140,137
10,137,243
10,47,86
43,136,157
4,31,21
129,331,470
97,251,313
50,293,378
16,230,296
24,210,226
31,248,263
42,223,281
11,174,210
15,190,332
53,279,370
19,191,197
28,157,222
28,163,188
22,159,178
29,262,367
15,189,195
39,147,174
25,162,167
17,134,142
28,237,318
19,131,163
26,188,155
31,225,237
17,287,210
29,200,234
19,103,114
37,224,238
180,465,693
13,36,72
18,141,273
36,213,236
29,174,198
30,208,240
25,231,264
46,107,128
31,182,211
19,211,305
10,93,108
27,249,305
112,436,631
22,139,133
18,170,174
43,231,351
29,246,315
18,112,188
23,275,372
20,72,107
39,173,209
9,95,150
28,106,111
28,177,224
26,214,208
34,217,309
17,190,293
20,166,225
22,280,346
30,265,326
35,200,280
15,178,202
30,138,173
16,66,74
15,126,199
30,219,334
25,153,138
137,687,1196
15,84,71
23,152,276
16,175,339
19,124,199
10,107,169
96,304,429
158,334,438
30,186,226
28,180,220
66,311,402
17,171,259
23,130,152
4,160,301
27,192,245
42,200,239
15,130,149
34,229,255
29,223,214
73,244,226
14,134,165
124,360,595
45,192,237
20,184,221
19,169,215
10,50,103
23,153,177
12,172,275
28,276,239
32,151,174
37,193,281
12,121,208
27,253,247
20,153,183
23,239,227
18,169,231
27,140,163
56,141,178
24,351,312
18,130,304
93,292,369
20,125,152
12,70,142
11,153,181
113,263,392
26,72,89
15,155,256
27,193,189
23,209,247
32,200,235
3,125,206
44,134,170
16,221,236
12,94,73
82,240,344
30,261,276
14,143,198
39,156,157
23,252,300
16,129,176
23,188,256
32,303,330
5,69,122
22,96,96
9,141,241
47,244,231
83,226,321
76,305,327
27,158,176
139,546,841
18,206,307
22,201,372
23,160,150
24,179,204
28,159,173
29,198,201
226,98,139
14,108,136
30,117,173
28,187,384
33,199,300
12,187,263
103,348,511
24,132,131
138,337,535
29,196,262
35,170,151
14,31,52
46,181,254
40,209,261
22,229,258
137,382,591
12,136,187
20,131,182
6,31,49
21,209,228
99,400,680
11,81,163
16,128,186
22,192,207
19,231,313
41,238,275
13,194,196
24,135,233
18,163,224
25,128,136
10,203,201
25,196,216
28,147,111
19,145,160
12,124,155
5,26,33
11,205,218
19,128,143
24,250,408
30,178,200
61,305,495
24,125,159
10,59,82
14,107,130
21,197,257
23,203,257
11,158,195
17,231,318
75,157,194
13,178,224
21,200,207
11,122,196
5,68,100
85,229,263
184,608,987
29,209,259
24,192,260
11,146,174
12,130,201
98,289,358
52,205,248
30,121,127
51,272,358
8,179,228
14,122,223
13,159,155
13,112,142
7,78,129
30,71,76
24,144,137
8,158,273
10,117,144
10,204,212
38,209,324
9,113,155
14,149,165
19,173,193
43,168,206
35,214,343
80,271,449
21,253,248
39,162,203
47,274,544
20,161,188
18,123,157
11,79,105
85,267,409
27,157,193
152,412,717
51,303,540
11,35,39
8,263,364
6,59,94
24,160,250
50,271,398
18,175,262
22,139,187
22,201,249
17,199,269
21,180,185
16,152,178
20,154,198
8,102,119
33,186,226
25,189,165
27,179,221
16,127,196
12,71,52
13,184,226
27,191,275
29,193,187
42,249,346
21,172,228
13,183,145
113,237,339
26,180,192
11,149,166
13,166,246
30,103,125
24,105,127
35,186,222
30,222,258
14,188,221
55,184,226
42,114,151
12,179,201
9,188,265
33,172,204
35,176,255
15,148,198
64,182,245
62,263,344
36,185,224
28,174,241
5,72,124
17,158,214
36,200,242
23,115,163
29,147,198
11,65,89
29,132,170
12,168,198
42,231,359
22,191,275
9,252,255
56,261,286
120,407,612
25,216,285
30,152,196
24,203,192
15,154,157
45,150,182
13,115,182
114,426,571
15,173,171
42,88,110
43,356,461
46,222,267
28,181,312
21,235,222
12,122,168
18,217,200
28,206,142
25,194,276
9,142,240
20,233,308
27,181,184
38,220,297
17,89,114
25,150,185
116,263,364
19,171,169
31,221,232
18,98,72
20,229,224
48,164,203
123,326,541
11,234,228
14,140,199
34,221,217
9,109,158
26,188,233
19,163,209
23,93,119
8,49,95
79,293,426
62,248,318
6,31,72
16,121,156
14,205,368
19,203,271
53,240,272
22,198,192
21,210,218
23,139,230
23,148,224
38,171,299
32,210,295
47,183,218
32,195,210
15,163,174
52,232,335
33,103,116
23,147,176
62,178,265
102,195,339
13,94,118
8,53,88
11,72,130
19,286,307
19,160,225
29,116,128
84,348,431
79,285,441
18,84,134
20,74,81
17,112,129
138,301,413
51,302,444
10,164,232
16,191,218
11,110,159
10,105,184
11,126,171
24,133,210
124,339,499
54,191,264
7,55,74
45,208,311
25,144,156
25,117,131
99,251,352
25,190,185
26,183,258
25,258,160
13,137,288
45,214,258
30,138,108
20,214,210
18,208,320
14,98,151
18,101,140
20,182,215
19,143,183
20,142,169
29,209,240
28,163,215
12,138,145
6,117,207
14,109,180
28,188,284
11,113,173
12,52,76
17,107,150
29,158,208
20,191,220
16,150,140
29,229,344
24,140,215
18,158,169
10,39,51
7,76,105
24,175,168
21,164,324
28,136,127
37,174,232
50,222,354
15,116,163
38,212,292
55,212,326
8,102,121
29,180,233
18,148,183
15,133,196
32,212,174
14,94,163
30,161,174
19,170,263
39,158,247
24,176,195
18,181,281
80,370,816
20,120,197
8,125,175
8,137,166
24,155,163
10,128,123
12,256,198
21,112,129
19,144,172
69,171,216
36,118,180
35,239,408
12,104,155
58,259,330
3,16,5
14,167,179
13,124,144
16,137,153
16,191,256
157,124,174
29,164,149
17,129,187
44,170,229
12,124,209
23,180,184
7,105,145
20,99,143
44,175,222
49,234,354
114,327,510
27,201,281
21,131,165
87,303,467
11,61,71
17,189,222
8,91,120
61,277,362
20,221,245
60,182,221
23,135,154
73,175,217
31,107,141
68,181,238
14,155,148
14,143,153
17,124,160
41,172,241
45,234,343
19,172,173
9,77,92
31,141,199
12,112,115
13,106,147
17,158,204
30,181,255
19,183,216
8,44,60
128,336,537
18,124,154
3,34,43
55,193,309
15,134,169
19,160,151
4,54,79
15,48,57
9,74,150
19,163,171
14,112,114
4,50,71
24,194,335
139,321,461
28,135,198
26,147,388
14,121,148
13,95,153
17,244,186
28,171,214
19,159,196
3,98,116
29,237,392
21,194,264
83,205,301
48,217,319
13,98,148
42,148,166
22,215,279
16,117,171
12,87,139
24,131,173
10,49,61
18,195,190
27,170,243
11,133,175
61,85,118
11,149,173
21,236,203
12,77,124
18,110,204
44,209,254
25,136,177
15,130,163
10,114,155
9,178,218
7,110,147
40,177,264
18,179,175
5,90,121
19,108,132
48,326,489
27,146,203
10,78,86
14,128,184
12,121,176
27,164,223
17,117,137
99,263,377
39,144,188
13,211,211
19,101,125
33,126,134
27,147,152
9,127,180
13,108,181
111,270,354
51,225,362
24,114,132
19,176,215
11,137,210
29,229,252
23,174,211
22,172,171
104,260,417
22,182,268
14,120,241
12,100,128
17,122,166
46,190,306
12,190,184
12,116,151
21,136,161
149,415,614
62,274,400
6,90,136
13,134,241
36,123,125
47,173,207
9,82,119
6,26,53
29,173,236
88,240,350
24,184,200
9,91,144
30,180,174
24,138,171
65,180,226
43,174,237
25,248,209
102,300,429
15,149,313
72,266,403
20,149,186
21,137,149
22,134,142
19,134,137
22,207,203
17,104,151
12,73,107
35,175,217
7,138,193
18,104,169
86,225,325
16,214,213
13,169,235
3,24,26
16,164,220
24,100,144
9,146,326
15,200,231
124,337,542
18,174,164
16,112,100
38,201,247
12,81,152
12,134,231
21,157,188
49,200,307
48,213,355
84,254,385
24,182,331
11,198,212
31,153,158
19,150,168
14,128,169
20,145,171
21,237,334
10,99,145
22,125,143
16,173,177
42,116,158
8,32,46
15,121,161
22,258,266
7,76,137
104,378,612
11,103,123
52,261,387
39,167,215
23,168,176
23,95,127
12,92,143
7,81,118
14,134,152
31,214,233
7,145,167
14,114,107
10,44,66
16,124,150
26,202,228
90,362,657
16,275,241
77,220,333
95,347,616
9,100,120
21,183,190
19,172,232
84,192,260
20,131,150
16,196,254
26,166,187
24,152,184
89,258,379
32,145,234
16,150,159
17,95,130
171,466,783
16,175,197
15,46,55
28,146,217
27,183,208
47,132,166
18,114,141
11,61,108
174,424,691
10,54,52
22,150,195
17,175,199
31,139,195
10,49,94
10,82,84
19,159,169
48,256,464
21,166,138
9,106,134
18,157,255
69,193,267
25,160,227
25,148,167
23,107,117
21,115,113
29,187,269
7,127,136
16,166,136
45,179,226
11,107,168
28,153,193
10,122,151
22,92,120
29,121,236
27,138,151
141,412,589
6,42,64
60,287,422
183,502,810
19,199,188
96,289,468
23,153,199
55,237,302
74,304,498
141,299,417
40,196,275
22,171,203
22,197,206
40,194,262
10,146,183
20,89,98
14,142,214
7,17,64
17,112,137
14,121,132
17,155,188
44,147,207
21,155,204
45,194,226
20,152,166
14,122,139
23,143,181
31,150,206
26,106,112
19,129,131
17,66,102
37,127,158
15,92,122
10,72,104
25,118,125
21,108,136
11,134,182
24,94,134
16,155,186
14,119,133
16,134,159
20,119,125
1,15,8
25,54,67
27,136,151
28,198,222
36,153,209
11,108,165
24,175,160
19,206,182
36,144,216
6,146,168
13,70,124
18,158,227
17,103,128
4,41,46
10,200,202
25,129,167
20,182,179
33,182,218
18,124,143
36,180,252
10,43,46
109,409,715
6,58,88
17,98,134
55,318,419
19,176,187
26,70,83
7,153,270
68,254,364
18,119,143
18,153,158
50,158,193
20,149,156
8,99,147
144,383,546
79,221,358
12,150,177
7,60,83
31,174,185
15,123,167
28,122,175
47,198,269
8,154,192
45,224,312
80,229,336
30,76,105
8,33,46
15,85,136
25,176,197
9,109,148
25,161,205
19,146,184
19,206,302
14,188,158
9,60,108
19,128,241
16,131,165
14,136,188
70,214,333
16,104,140
32,226,231
24,124,163
16,156,164
4,51,91
14,115,140
5,62,77
13,108,128
46,227,373
7,99,152
32,157,193
44,191,241
10,73,78
30,157,192
16,115,154
17,213,206
10,34,62
32,131,189
17,115,141
72,162,232
26,239,404
8,79,118
4,34,39
6,53,78
20,155,173
121,304,450
23,142,222
95,203,276
40,146,162
14,53,76
16,131,158
13,147,145
12,42,49
33,136,170
63,142,179
25,85,117
8,60,68
14,153,164
43,180,258
5,139,153
27,100,102
33,86,107
8,117,128
9,90,142
22,155,136
23,128,153
9,74,91
4,99,170
15,166,215
18,176,265
15,120,127
30,212,196
18,94,144
16,145,173
37,212,269
12,132,160
15,65,132
15,158,177
30,136,188
11,127,189
10,131,176
8,117,160
10,136,177
67,149,178
52,193,320
29,82,101
21,220,227
22,152,155
10,131,146
26,126,148
45,129,148
99,267,376
13,62,116
16,91,150
16,109,147
25,150,131
7,134,170
25,138,197
136,430,784
51,204,316
25,131,123
80,251,340
162,516,974
44,239,249
12,107,148
10,105,158
15,96,99
16,189,276
17,152,317
71,224,342
17,162,143
17,201,365
12,131,189
16,126,164
30,146,205
23,185,156
9,89,148
36,162,195
63,353,426
53,155,192
8,92,134
7,156,197
23,201,230
19,138,185
21,176,187
19,150,149
26,114,141
89,287,429
14,161,192
12,33,52
23,184,311
38,199,286
19,130,154
18,123,143
30,203,230
12,73,99
21,174,237
39,185,326
15,131,185
29,134,165
32,161,262
20,108,136
8,26,19
13,93,104
16,109,126
28,189,274
16,137,204
16,112,180
26,147,178
105,154,236
12,70,117
23,166,170
76,202,288
18,180,242
12,178,184
18,106,140
12,77,107
36,192,318
17,155,155
6,71,157
18,188,173
23,61,74
11,94,138
17,158,224
9,47,58
12,114,150
11,192,225
6,78,103
4,50,71
16,123,118
71,163,242
21,174,247
19,138,158
32,177,319
19,143,210
12,121,147
15,111,127
16,118,161
5,47,77
61,175,270
28,138,202
22,231,167
38,162,236
44,171,229
20,116,147
26,107,127
14,160,173
31,183,334
16,122,172
6,45,52
7,57,78
25,164,226
37,116,166
8,96,121
5,30,36
66,177,288
44,227,330
71,168,203
8,35,64
18,100,171
12,91,154
19,89,116
10,131,168
23,148,148
14,99,104
18,117,149
42,186,262
23,130,172
9,48,57
18,140,206
29,164,171
14,144,186
14,162,187
57,218,339
13,133,117
17,130,187
40,160,188
29,127,135
8,109,125
22,97,142
21,70,84
9,106,145
13,98,109
10,193,254
10,95,155
6,42,62
16,128,169
11,143,148
22,199,215
21,120,147
8,18,48
55,241,288
26,136,164
9,116,136
31,93,133
28,159,283
15,107,148
14,74,84
16,132,177
13,121,142
13,96,116
26,160,315
17,114,164
5,75,118
6,44,50
16,156,193
14,109,155
64,167,227
25,121,130
16,231,211
42,127,155
16,125,181
19,42,46
26,318,292
10,143,164
20,159,208
17,84,76
7,104,182
13,153,182
26,118,154
23,81,89
39,170,279
19,133,171
19,98,124
7,57,89
31,139,214
12,125,175
24,96,158
13,129,164
44,174,240
59,196,270
82,254,450
33,158,163
21,115,145
52,181,279
24,103,117
4,17,37
11,140,178
16,99,116
12,117,163
85,221,312
19,142,174
67,217,351
35,174,231
14,85,149
11,149,181
7,94,186
19,219,222
57,183,258
14,70,91
34,174,242
14,96,129
21,125,168
12,131,164
20,133,183
10,44,65
68,310,470
6,85,115
11,94,129
53,210,260
45,164,239
8,92,174
9,58,54
110,264,408
56,243,321
9,93,98
10,96,131
10,116,135
10,143,187
28,170,208
23,137,203
23,222,391
23,129,179
8,132,164
34,183,258
17,107,129
24,146,156
12,83,155
104,392,717
17,103,110
11,88,123
13,100,126
50,168,227
27,162,165
12,97,136
9,100,150
11,101,120
89,200,258
18,119,117
9,131,178
19,141,155
16,114,93
5,44,70
10,91,232
7,107,138
21,128,136
25,87,133
56,174,223
20,101,131
9,54,95
20,124,150
10,111,148
3,16,7
12,152,178
134,402,636
10,48,94
21,144,161
7,130,148
20,107,162
4,84,121
28,151,149
33,142,199
33,155,219
7,16,36
15,121,164
24,123,163
13,147,199
23,165,229
69,248,347
7,78,117
6,51,76
20,126,133
11,101,112
7,95,130
127,368,590
25,117,164
9,99,133
19,160,289
10,122,145
23,158,197
20,214,287
112,287,455
46,159,207
5,48,71
10,155,162
87,267,399
10,66,108
10,100,105
40,177,298
14,91,123
23,128,159
30,193,221
8,100,216
21,136,181
30,169,212
33,171,227
19,136,162
22,141,137
59,183,270
11,127,154
11,178,148
13,127,164
14,148,183
34,140,171
24,149,191
8,90,132
43,94,123
14,124,180
24,136,180
19,137,194
13,72,54
21,186,180
14,157,222
52,160,191
7,103,179
28,129,151
21,156,241
6,88,146
14,148,188
58,275,410
15,116,170
23,131,141
17,173,213
7,111,161
22,152,177
14,137,153
15,161,174
6,96,128
11,93,101
54,311,353
6,85,131
65,202,283
24,225,170
36,175,230
10,101,104
27,137,208
15,137,150
7,56,95
7,30,34
37,86,99
15,132,205
17,148,213
20,143,200
14,127,158
22,111,139
11,91,129
66,243,435
49,208,326
7,127,175
20,123,152
18,92,152
10,76,113
22,151,240
14,126,152
14,114,169
10,93,127
23,126,140
45,191,282
8,71,102
20,156,201
10,139,163
20,164,256
3,47,91
14,127,199
5,30,56
8,59,60
8,82,159
31,83,96
9,104,137
42,102,130
18,127,139
17,89,114
48,200,245
19,121,125
15,69,95
20,201,259
11,108,132
9,113,167
9,71,82
24,153,194
11,89,143
11,105,135
14,100,167
33,196,275
10,86,119
13,90,132
30,161,314
17,139,160
12,90,118
23,138,171
10,125,115
12,66,89
13,151,241
39,147,198
8,93,171
15,143,131
13,159,169
9,115,176
92,219,275
9,78,117
15,114,148
14,96,124
11,134,155
40,160,271
11,107,139
11,96,112
27,152,226
14,101,138
12,121,163
8,112,148
8,87,146
4,35,39
7,37,54
22,166,149
37,156,236
39,132,161
17,132,134
17,123,163
13,127,152
9,46,104
164,414,620
17,129,176
24,121,163
11,127,168
16,112,180
6,78,124
9,113,144
11,133,134
7,88,163
27,140,180
15,117,145
20,128,214
9,47,49
26,59,84
17,108,135
17,119,142
26,136,201
13,107,117
18,155,274
17,136,173
13,126,154
8,67,86
35,126,187
16,68,78
7,68,64
64,245,397
29,142,238
7,103,164
49,217,238
26,184,241
8,117,146
17,168,189
100,322,543
13,107,129
16,148,129
14,105,129
9,151,153
5,35,51
19,125,201
9,119,132
5,32,35
20,92,144
16,112,149
13,136,166
10,52,78
14,147,189
18,128,128
16,112,105
16,116,159
10,71,132
5,53,80
13,112,212
36,83,107
11,109,157
21,147,197
8,159,152
55,190,257
37,263,281
30,158,225
15,89,103
13,148,191
19,53,64
27,141,151
18,67,104
21,136,151
5,71,100
30,127,205
15,145,135
10,70,106
10,119,128
14,80,95
18,128,221
6,30,37
21,118,134
9,129,161
67,182,297
17,138,208
37,161,224
33,124,171
93,248,315
41,120,182
24,122,131
20,152,184
15,115,206
6,70,104
6,104,129
18,131,197
17,116,153
87,214,314
29,151,209
28,167,209
8,77,78
27,141,140
53,169,222
5,48,88
49,174,225
11,93,137
11,187,210
7,40,41
9,45,51
51,117,150
59,177,260
34,170,291
46,174,205
15,124,190
17,112,131
41,131,195
31,136,240
46,147,153
19,120,161
68,258,403
10,67,91
45,115,156
55,143,194
9,85,115
12,110,105
103,350,621
23,135,134
14,104,106
17,161,224
24,132,199
66,244,416
14,99,117
100,263,409
2,66,102
12,126,139
15,140,195
12,65,97
5,80,122
88,231,324
11,142,140
20,140,111
8,84,117
6,50,60
6,45,62
14,94,111
39,174,309
9,141,182
16,139,170
21,157,184
101,244,379
32,154,179
10,119,144
12,139,125
8,89,104
10,81,110
61,185,308
11,147,305
12,180,225
14,111,190
17,117,195
8,115,131
7,99,167
6,57,79
46,149,178
21,151,186
96,221,342
58,223,362
20,136,194
58,245,346
13,148,143
14,115,138
6,96,95
25,136,186
52,183,352
82,249,438
9,118,152
17,99,153
94,243,375
17,85,127
14,139,168
7,169,165
8,126,152
13,147,188
14,112,147
21,147,191
6,64,118
12,136,140
89,231,321
8,106,129
13,97,150
9,122,205
14,124,144
1,16,11
26,118,143
17,152,183
21,115,157
17,120,216
14,85,115
6,18,24
13,131,151
3,37,76
9,123,173
15,99,154
18,111,112
12,83,92
8,83,120
27,87,118
53,184,260
11,88,93
8,97,143
7,125,182
14,118,136
9,62,82
12,97,142
22,100,151
13,107,172
11,145,135
8,103,131
13,134,167
16,153,121
75,191,252
24,124,159
14,139,134
16,139,149
19,146,192
19,104,137
20,145,113
16,83,102
26,157,195
8,141,173
4,47,59
6,78,90
20,136,187
19,131,128
25,128,166
24,130,160
77,205,312
9,111,119
5,71,128
9,28,25
61,245,306
6,44,63
7,89,107
23,118,199
24,119,210
15,112,189
94,288,489
7,58,116
9,83,123
22,87,112
97,263,478
15,62,93
13,81,87
18,122,168
7,130,173
10,76,172
40,166,261
17,114,160
62,233,402
20,138,165
16,57,108
14,84,126
5,79,124
22,119,123
15,101,126
9,95,112
18,128,200
79,215,345
22,133,163
81,273,444
21,151,194
21,102,153
10,117,133
12,109,139
55,117,144
12,87,119
10,90,128
20,126,148
70,171,239
31,123,150
17,121,123
32,94,115
10,93,113
17,92,149
31,149,168
9,101,128
20,134,177
25,168,226
25,168,184
15,110,163
7,76,126
5,46,69
6,49,111
7,135,136
87,221,333
5,44,87
16,117,194
26,143,192
16,58,113
18,143,130
30,141,183
105,245,344
123,352,554
13,97,174
11,90,132
19,157,163
9,123,175
9,60,41
6,88,115
22,84,112
27,141,176
47,168,219
15,73,98
9,60,77
17,101,181
12,94,100
13,115,134
14,97,192
9,138,197
15,121,184
19,97,154
12,138,147
51,201,239
10,34,33
11,67,87
8,148,196
9,60,118
5,31,71
10,90,159
13,93,140
18,141,160
15,130,125
8,42,55
6,43,50
12,164,237
12,100,137
19,126,149
24,186,453
8,18,44
10,67,76
9,126,144
105,294,468
44,206,313
13,137,193
11,80,128
15,103,120
29,157,187
53,139,180
19,77,94
7,117,151
11,115,158
19,168,230
74,167,215
9,68,108
21,121,142
61,144,199
11,119,146
39,131,208
52,277,403
16,95,142
14,104,150
19,104,123
8,111,120
17,139,215
12,94,109
14,163,145
13,124,131
16,81,120
91,219,328
21,163,221
49,122,178
24,178,231
12,160,146
4,18,14
3,33,49
75,192,299
11,83,76
112,315,497
29,143,185
22,128,143
15,90,113
48,203,436
23,156,265
16,89,140
16,100,128
97,209,311
7,37,120
37,156,207
55,212,357
32,153,271
14,140,121
46,161,240
12,128,201
84,287,459
74,195,272
6,105,160
54,195,281
11,102,163
24,95,149
8,90,121
25,89,114
12,98,162
12,110,132
6,95,99
15,95,133
12,113,132
13,81,104
30,157,206
21,101,108
16,110,140
20,167,204
25,133,147
11,89,120
13,180,194
6,81,154
13,141,178
94,304,555
76,267,423
8,111,132
16,129,131
13,97,93
35,191,300
3,24,20
13,139,122
10,108,154
13,136,180
4,69,86
88,294,540
9,72,120
8,37,45
60,207,314
27,122,145
9,81,131
16,121,178
26,119,164
26,167,289
45,211,327
141,435,765
9,101,156
72,235,362
9,95,111
46,204,353
54,252,403
18,141,144
9,143,190
15,88,95
22,99,107
56,261,414
33,240,360
21,115,164
8,124,132
29,154,197
9,84,82
8,109,138
14,168,339
4,49,75
7,72,91
29,173,234
14,88,112
72,197,342
6,110,129
74,170,215
26,121,139
7,76,69
20,110,140
9,64,93
2,84,146
11,118,111
8,150,155
13,45,52
10,115,135
64,180,265
14,79,112
11,112,144
41,141,214
10,87,125
10,25,20
82,204,290
21,53,80
60,237,326
21,112,157
17,155,162
31,124,146
8,77,84
37,126,199
4,34,41
59,197,255
7,146,189
9,67,97
16,82,100
70,174,240
52,226,384
43,189,309
8,26,57
18,161,201
8,130,160
11,90,126
13,120,138
6,54,99
16,88,98
13,84,103
13,158,182
8,81,122
63,154,232
3,47,77
12,86,121
9,73,100
14,110,143
23,149,246
5,30,27
94,273,404
12,97,102
85,289,483
12,36,53
35,235,312
22,47,65
5,40,71
12,105,142
12,95,123
40,126,165
8,89,154
11,104,131
16,84,144
20,119,180
7,101,125
15,173,154
17,129,150
20,131,186
6,73,106
33,144,163
20,93,129
23,108,153
12,215,175
11,57,95
20,104,111
10,121,181
19,113,168
70,176,286
7,118,110
126,287,455
13,128,149
6,90,133
14,104,149
12,104,134
63,230,372
15,85,101
8,64,98
28,130,182
64,175,265
9,97,148
19,133,197
50,161,217
22,123,139
40,108,155
13,107,167
9,74,120
6,42,65
13,82,90
63,143,210
3,63,83
14,93,148
62,184,236
12,89,88
7,57,68
28,92,125
29,111,164
88,271,436
6,85,131
16,140,146
80,203,305
47,225,359
71,228,402
13,136,174
74,197,264
9,113,136
11,82,78
12,100,146
18,110,126
17,75,84
13,118,171
4,70,109
23,128,231
26,160,251
14,131,137
52,187,285
19,66,100
78,206,280
14,42,55
13,126,170
7,61,97
7,53,76
29,144,196
15,118,154
105,279,411
13,37,57
9,84,106
7,46,61
4,71,115
30,100,137
6,62,75
15,100,97
3,26,35
12,137,144
15,123,144
14,131,183
10,152,139
8,82,132
18,133,261
10,60,76
12,153,168
12,53,59
7,110,133
53,140,191
14,106,164
28,138,220
14,89,115
10,47,63
10,143,163
13,97,116
41,127,152
24,128,194
16,143,176
2,83,128
23,75,109
47,160,265
28,158,254
8,103,287
22,137,236
10,138,187
12,87,133
20,78,120
13,115,176
17,149,184
18,84,86
25,95,106
20,146,143
19,131,151
11,110,146
14,107,94
11,72,114
12,43,54
16,120,152
20,73,103
11,38,51
32,127,217
8,96,121
25,103,149
10,120,192
18,154,168
7,88,118
2,106,128
30,95,124
10,126,235
68,180,239
9,62,105
13,112,157
29,226,239
15,111,174
10,85,77
57,182,359
24,160,165
18,106,123
97,267,400
14,110,135
12,96,126
34,163,173
14,93,129
4,95,161
10,86,136
10,113,128
28,88,159
100,267,403
8,71,102
12,106,120
35,166,221
8,41,94
70,257,527
23,67,87
47,180,281
12,92,191
89,270,419
6,61,98
12,109,212
14,108,147
14,114,144
276,639,1022
5,18,16
13,112,113
11,126,128
14,94,148
27,151,215
28,74,104
12,110,140
14,123,143
76,249,359
21,130,203
16,129,197
9,45,68
41,129,217
10,68,62
26,170,232
52,190,238
13,84,102
5,44,58
8,62,66
17,128,165
14,110,151
10,106,133
7,81,98
32,129,156
14,91,113
12,94,134
2,15,19
7,71,82
9,92,107
12,119,111
114,287,420
17,128,180
12,94,111
5,126,139
16,104,111
22,139,159
18,135,175
5,118,142
6,85,103
13,96,130
169,450,744
20,134,172
9,65,101
12,109,118
67,179,237
10,86,103
5,99,155
11,107,122
77,274,485
6,43,61
14,136,168
7,109,129
11,98,109
10,120,121
11,52,71
13,122,151
11,94,99
10,95,127
23,148,184
9,104,139
12,117,157
8,57,71
14,90,108
21,120,143
6,38,48
19,184,167
8,109,116
20,135,197
26,95,145
15,108,120
13,122,111
11,92,128
27,126,151
18,103,141
3,148,138
25,112,192
10,98,121
21,132,138
15,126,218
19,125,154
9,90,139
33,138,186
19,93,127
8,78,115
17,125,186
14,73,58
27,146,157
18,112,133
9,76,153
26,107,142
6,56,99
16,125,156
19,134,226
28,137,144
15,100,134
20,91,186
42,182,223
4,39,38
63,210,360
10,118,103
12,157,172
114,333,513
15,116,151
15,90,96
11,118,148
13,77,93
8,73,126
21,185,195
15,105,143
24,63,76
6,34,59
13,108,124
11,76,124
17,118,124
14,45,41
9,138,148
11,145,192
10,86,90
21,143,216
5,72,160
38,111,147
9,82,82
8,73,87
40,164,239
5,57,93
14,118,159
8,69,104
14,61,102
5,73,115
14,70,111
37,141,201
34,173,199
18,95,149
10,126,178
24,130,192
11,61,87
13,72,94
16,134,160
34,131,163
9,117,135
34,124,193
26,145,157
9,100,113
55,146,182
16,93,99
11,81,120
13,77,94
11,116,166
8,120,144
